sample_name,donor_id,cell_type
AAACATACAACCAC-1,8,c1
AAACATTGAGCTAC-1,4,c5
AAACATTGATCAGC-1,14,c5
AAACCGTGTATGCG-1,10,c4
AAACGCTGACCAGT-1,17,c4
AAACTTGAAAAACG-1,13,c1
AAACTTGATCCAGA-1,13,c5
AAAGAGACGCGAGA-1,6,c1
AAAGAGACGGACTT-1,9,c3
AAAGAGACGGCATT-1,8,c1
AAAGATCTGGGCAA-1,14,c5
AAAGGCCTGTCTAG-1,5,c3
AAAGTTTGATCACG-1,13,c4
AAAGTTTGTAGAGA-1,4,c1
AAAGTTTGTAGCGT-1,8,c2
AAATCAACAATGCC-1,8,c4
AAATCAACACCAGT-1,6,c1
AAATCAACTCGCAA-1,10,c4
AAATGTTGCCACAA-1,5,c3
AAATGTTGTGGCAT-1,13,c5
AAATTCGAAGGTTC-1,18,c4
AAATTCGAATCACG-1,4,c4
AAATTCGAGCTGAT-1,3,c2
AAATTCGAGGAGTG-1,3,c5
AAATTGACACGACT-1,5,c4
AACAAACTCATTTC-1,10,c5
AACAAACTTTCGTT-1,3,c2
AACAATACGACGAG-1,14,c1
AACACGTGCAGAGG-1,6,c5
AACACGTGGCTACA-1,9,c4
AACACGTGTACGAC-1,3,c1
AACAGCACAAGAGT-1,17,c2
AACCAGTGATACCG-1,13,c1
AACCCAGATCGCTC-1,17,c5
AACCGCCTAGCGTT-1,9,c5
AACCTACTGTGAGG-1,18,c5
AACCTTACGCGAGA-1,4,c1
AACCTTACTAACGC-1,14,c3
AACCTTTGTACGCA-1,9,c5
AACGCAACAAGTAG-1,5,c3
AACGCATGACCCAA-1,18,c4
AACGCCCTGCTTAG-1,5,c1
AACGCCCTGGCATT-1,6,c1
AACGTCGAGTATCG-1,13,c5
AACGTGTGAAAGCA-1,4,c1
AACGTGTGTCCAAG-1,13,c4
AACGTGTGTGCTTT-1,6,c4
AACTACCTTAGAGA-1,3,c1
AACTCACTTGGAGG-1,5,c2
AACTCGGAAGGTCT-1,14,c5
AACTGTCTCCCTTG-1,6,c1
AACTTGCTACGCTA-1,14,c3
AAGAACGAGTGTTG-1,5,c4
AAGAAGACGTAGGG-1,3,c3
AAGACAGAGGATCT-1,14,c5
AAGACAGATTACCT-1,18,c5
AAGAGATGGGTAGG-1,5,c4
AAGATGGAGATAAG-1,4,c4
AAGATTACAACCTG-1,4,c5
AAGATTACCCGTTC-1,5,c4
AAGATTACCGCCTT-1,8,c2
AAGATTACCTCAAG-1,17,c1
AAGCAAGAGCTTAG-1,8,c2
AAGCAAGAGGTGTT-1,5,c5
AAGCACTGCATACG-1,14,c5
AAGCACTGGTTCTT-1,3,c4
AAGCCAACGTGTTG-1,8,c5
AAGCCATGACACGT-1,3,c4
AAGCCATGTCTCGC-1,4,c4
AAGCCTGACATGCA-1,6,c1
AAGCCTGACCGAAT-1,13,c5
AAGCGACTCCTCAC-1,5,c4
AAGCGACTGTGTCA-1,10,c4
AAGGTCACGGTTAC-1,8,c3
AAGGTCACTGTTTC-1,13,c5
AAGGTCACTTCCCG-1,4,c4
AAGGTCTGCAGATC-1,13,c4
AAGGTCTGGTATGC-1,5,c2
AAGTAACTCTGAAC-1,18,c4
AAGTAACTGAGATA-1,13,c3
AAGTAGGATACAGC-1,18,c5
AAGTCTCTAGTCGT-1,10,c5
AAGTTCCTTCTTAC-1,8,c4
AATAAGCTCGAATC-1,5,c1
AATAAGCTCGTTGA-1,9,c5
AATACCCTGGACGA-1,14,c4
AATACTGAAAGGGC-1,6,c3
AATACTGAATTGGC-1,8,c5
AATCAAACTATCGG-1,4,c4
AATCCTACCGGTAT-1,18,c4
AATCGGTGGAACTC-1,13,c4
AATCGGTGTGCTTT-1,13,c3
AATCTAGAATCGGT-1,18,c4
AATCTCACAGCCTA-1,8,c5
AATCTCACTCTAGG-1,18,c1
AATCTCTGAACAGA-1,10,c3
AATGATACGGTCAT-1,4,c1
AATGCGTGGCTATG-1,10,c2
AATGGCTGACACCA-1,6,c1
AATGGCTGCGTGAT-1,8,c5
AATGGCTGTAAAGG-1,8,c5
AATGGCTGTACTCT-1,18,c5
AATGGCTGTGAAGA-1,18,c5
AATGTAACGGTGGA-1,18,c3
AATGTAACGTTTGG-1,4,c4
AATGTTGACAGTCA-1,14,c4
AATGTTGAGTTGAC-1,10,c4
AATGTTGATCTACT-1,17,c1
AATTACGAGTAGCT-1,3,c5
AATTACGAGTGAGG-1,13,c5
AATTGATGTCGCAA-1,3,c4
ACAAAGGAGGGTGA-1,18,c4
ACAAATTGATTCTC-1,3,c4
ACAACCGAGGGATG-1,9,c1
ACAACCGAGTTACG-1,14,c1
ACAAGAGACTTATC-1,14,c4
ACAATTGACTGACA-1,5,c4
ACAATTGATGACTG-1,8,c4
ACACAGACACCTGA-1,8,c4
ACACGATGTGGTCA-1,18,c4
ACAGCAACACCTAG-1,9,c1
ACAGCAACCTCAAG-1,6,c4
ACAGGTACCCCACT-1,13,c4
ACAGGTACGCTGTA-1,9,c5
ACAGTCGACCCAAA-1,18,c4
ACAGTGACTCTATC-1,17,c5
ACAGTGTGGTCACA-1,17,c1
ACAGTGTGTTGCGA-1,14,c4
ACATGGTGCGAGTT-1,8,c4
ACATGGTGCGTTGA-1,18,c5
ACCACAGAAAGTAG-1,13,c4
ACCACAGAGTTGGT-1,5,c4
ACCACCTGTGTGCA-1,14,c2
ACCACGCTACAGCT-1,6,c5
ACCACGCTACCCAA-1,6,c2
ACCACGCTGCGAGA-1,18,c5
ACCACGCTGCTGTA-1,4,c4
ACCAGCCTGACAGG-1,8,c4
ACCAGTGAATACCG-1,4,c4
ACCAGTGAGGGATG-1,13,c4
ACCAGTGATGACTG-1,17,c5
ACCATTACCTTCTA-1,13,c2
ACCATTACGAGATA-1,9,c4
ACCCAAGAACTGTG-1,14,c2
ACCCAAGAGGACAG-1,13,c2
ACCCACTGGTTCAG-1,4,c1
ACCCACTGTCGTAG-1,5,c5
ACCCAGCTCAGAAA-1,18,c5
ACCCAGCTTGCTTT-1,8,c4
ACCCGTTGCTGCAA-1,13,c4
ACCCGTTGCTTCTA-1,5,c4
ACCCTCGACGGTAT-1,9,c3
ACCCTCGATAAGGA-1,6,c4
ACCCTCGATCAAGC-1,5,c5
ACCTCCGAGTCCTC-1,17,c1
ACCTCGTGAACCAC-1,6,c4
ACCTGAGATATCGG-1,17,c5
ACCTGGCTGTCTTT-1,17,c4
ACCTTTGACTCCCA-1,10,c2
ACGAACACCTTGTT-1,18,c4
ACGAACTGGCTATG-1,18,c4
ACGAAGCTCTCCAC-1,6,c5
ACGACCCTATCTCT-1,17,c5
ACGACCCTGATGAA-1,3,c1
ACGACCCTTGACAC-1,5,c2
ACGACCCTTGACCA-1,5,c2
ACGAGGGACAGGAG-1,14,c3
ACGAGGGACGAACT-1,5,c2
ACGAGTACCCTAAG-1,6,c2
ACGATCGAGGACTT-1,18,c2
ACGATCGAGTCACA-1,9,c5
ACGATGACAATGCC-1,8,c4
ACGATGACTGGTCA-1,3,c3
ACGATTCTACGGGA-1,18,c1
ACGCCACTGAACTC-1,5,c3
ACGCCGGAAAGCCT-1,9,c5
ACGCGGTGGCGAGA-1,18,c5
ACGCGGTGTTTGCT-1,5,c3
ACGCTCACAGTACC-1,8,c3
ACGCTGCTGTTCTT-1,10,c2
ACGGAACTGTCGTA-1,18,c2
ACGGAGGACTCTTA-1,8,c2
ACGGATTGGGAGGT-1,6,c4
ACGGATTGGTTAGC-1,4,c5
ACGGCTCTGAGCAG-1,13,c2
ACGGTAACCTTCGC-1,3,c4
ACGGTAACGGTGGA-1,8,c4
ACGGTATGGTTGTG-1,13,c4
ACGGTCCTAACGGG-1,4,c2
ACGGTCCTCGGGAA-1,5,c4
ACGTAGACTACAGC-1,4,c2
ACGTCCTGATAAGG-1,13,c2
ACGTCCTGTGAACC-1,14,c5
ACGTCGCTCTATTC-1,3,c5
ACGTCGCTTCTCAT-1,14,c3
ACGTGCCTTCTATC-1,14,c5
ACGTTGGAAAAGCA-1,4,c5
ACGTTGGAAACCTG-1,3,c1
ACGTTGGATATGGC-1,10,c1
ACTACGGATCGCTC-1,6,c5
ACTATCACCTTGGA-1,14,c5
ACTATCACTGCCAA-1,10,c1
ACTCAGGACTGAAC-1,4,c2
ACTCAGGATTCGTT-1,5,c5
ACTCCTCTCAACTG-1,6,c2
ACTCGCACGAAAGT-1,5,c4
ACTCTCCTGACACT-1,10,c1
ACTCTCCTGTTTGG-1,18,c5
ACTGAGACCCATAG-1,10,c5
ACTGCCACACACGT-1,5,c5
ACTGCCACTCCGTC-1,13,c2
ACTGGCCTTCAGTG-1,18,c4
ACTGTGGACGTGTA-1,3,c4
ACTGTTACCCACAA-1,8,c5
ACTTAGCTGGGAGT-1,10,c5
ACTTGGGAGGTTTG-1,13,c5
ACTTGGGATGTGAC-1,14,c5
ACTTGGGATTGACG-1,8,c3
ACTTGTACCCGAAT-1,9,c4
ACTTTGTGCGATAC-1,9,c1
ACTTTGTGGAAAGT-1,10,c1
ACTTTGTGGATAGA-1,18,c4
AGAAAGTGGGGATG-1,3,c4
AGAACAGAAATGCC-1,17,c4
AGAACAGACGACTA-1,9,c2
AGAACAGAGACAAA-1,14,c4
AGAACGCTTTGCTT-1,4,c4
AGAAGATGTGACTG-1,13,c4
AGAATTTGTAGAGA-1,17,c4
AGACACTGTCAAGC-1,5,c2
AGACCTGAAGTAGA-1,4,c4
AGACCTGACCAACA-1,5,c4
AGACCTGAGGAAGC-1,4,c1
AGACGTACAGAGGC-1,9,c5
AGACGTACCCCTAC-1,14,c4
AGACGTACCTCTTA-1,13,c3
AGACTGACCATCAG-1,6,c3
AGAGATGACAGTCA-1,18,c5
AGAGATGATTGTGG-1,13,c1
AGAGCGGAGGCAAG-1,17,c4
AGAGTGCTCAGCTA-1,8,c2
AGAGTGCTGTCATG-1,4,c2
AGAGTGCTGTGTTG-1,8,c5
AGATATACGATGAA-1,17,c4
AGATCGTGTTTGTC-1,9,c1
AGATTAACGTTCTT-1,9,c2
AGATTCCTATCGTG-1,3,c1
AGATTCCTGACGAG-1,13,c1
AGATTCCTGTTCAG-1,8,c1
AGCAAAGATATGCG-1,4,c4
AGCACTGATATGCG-1,13,c3
AGCACTGATTGCGA-1,13,c4
AGCATCGAAGATCC-1,6,c1
AGCATCGAAGGGTG-1,3,c3
AGCATCGAGCTTCC-1,10,c1
AGCATCGAGTGAGG-1,8,c4
AGCATCGATAACCG-1,9,c4
AGCATGACGATGAA-1,8,c2
AGCCAATGGGGAGT-1,10,c4
AGCCGGTGTGTTTC-1,4,c5
AGCCGTCTCAATCG-1,6,c2
AGCCTCACGTTCGA-1,6,c4
AGCCTCTGCCAATG-1,18,c2
AGCGAACTGGATCT-1,13,c4
AGCGATACGGAGCA-1,13,c4
AGCGCCGAATCTCT-1,5,c5
AGCGCTCTACCTTT-1,9,c1
AGCGGCACCGGGAA-1,14,c4
AGCGGCTGATGTGC-1,13,c4
AGCGGGCTTGCCAA-1,3,c4
AGCGTAACATGCTG-1,3,c5
AGCTGAACCATACG-1,13,c5
AGCTGCCTTGGGAG-1,6,c1
AGCTGCCTTTCATC-1,3,c2
AGCTTTACACCAAC-1,10,c4
AGCTTTACTCTCAT-1,8,c1
AGGAAATGAGGAGC-1,9,c4
AGGAACCTCTTAGG-1,13,c1
AGGAACCTTGCCTC-1,3,c3
AGGAATGATAACGC-1,4,c1
AGGAATGATTTGTC-1,3,c4
AGGAGTCTGGTTTG-1,17,c4
AGGATAGAGGATTC-1,9,c5
AGGATGCTTTAGGC-1,3,c2
AGGCAACTGAAGGC-1,4,c5
AGGCAGGAGTACCA-1,3,c5
AGGCCTCTCGGAGA-1,14,c4
AGGGACGAGTCAAC-1,6,c2
AGGGACGATGCATG-1,5,c1
AGGGCCACCATACG-1,13,c4
AGGGCGCTATGGTC-1,8,c4
AGGGTGGACAGTCA-1,4,c5
AGGGTGGACTCAAG-1,9,c5
AGGTCTGATTCTCA-1,8,c3
AGGTTCGAACGTAC-1,14,c5
AGGTTCGAGGGTGA-1,4,c5
AGTAAGGAGTTTGG-1,13,c5
AGTAAGGATTCTTG-1,3,c1
AGTAATTGTCCCAC-1,18,c4
AGTACGTGAGGGTG-1,8,c4
AGTACTCTCAACCA-1,4,c5
AGTACTCTCGGTAT-1,17,c1
AGTATAACTTGTCT-1,10,c4
AGTATCCTAGAACA-1,13,c3
AGTCACGATGAGCT-1,18,c2
AGTCAGACGAATAG-1,6,c4
AGTCAGACGCTTAG-1,17,c2
AGTCAGACTAGAGA-1,14,c1
AGTCCAGATATCTC-1,5,c4
AGTCCAGATTTCAC-1,9,c4
AGTCTACTAGGGTG-1,8,c4
AGTCTACTTGCATG-1,9,c5
AGTCTTACACCACA-1,17,c2
AGTCTTACTTCGCC-1,13,c3
AGTGACTGCAACTG-1,8,c1
AGTGTTCTAACCTG-1,5,c5
AGTGTTCTATAAGG-1,6,c5
AGTGTTCTCACTTT-1,13,c4
AGTTATGAACAGTC-1,17,c1
AGTTCTACCAGCTA-1,6,c1
AGTTCTTGAAGCCT-1,3,c5
AGTTGTCTACTACG-1,8,c5
AGTTTAGATGGTCA-1,4,c5
AGTTTGCTACAGTC-1,3,c4
AGTTTGCTCCAAGT-1,10,c5
ATAAACACAGTGCT-1,13,c2
ATAAACACCACCAA-1,8,c5
ATAACAACATGCTG-1,5,c5
ATAACAACGTCTAG-1,3,c5
ATAACAACTTTGTC-1,13,c4
ATAACCCTGTTGGT-1,18,c3
ATAAGTTGGTACGT-1,17,c3
ATAAGTTGTCTAGG-1,6,c4
ATAATCGAGCTGAT-1,4,c5
ATAATCGATGGTTG-1,10,c1
ATAATGACCTACTT-1,5,c5
ATAATGACTCGTGA-1,17,c1
ATACAATGTTAGGC-1,9,c4
ATACCACTGCCAAT-1,5,c2
ATACCGGACATTTC-1,5,c5
ATACCGGACTTCGC-1,17,c4
ATACCGGAGGTGTT-1,17,c4
ATACCGGATCTCGC-1,13,c2
ATACCTACGCATCA-1,17,c4
ATACCTTGGGGCAA-1,4,c5
ATACGGACAGACTC-1,6,c4
ATACGGACCTACTT-1,6,c1
ATACGGACTATGCG-1,4,c4
ATACGGACTCTGGA-1,8,c2
ATACGTCTTAACGC-1,8,c2
ATACTCTGCTTCGC-1,5,c2
ATACTCTGGTATGC-1,9,c1
ATAGATACGACGAG-1,10,c4
ATAGCCGAACGGAG-1,13,c2
ATAGCGTGCAGATC-1,5,c2
ATAGCGTGCCCTTG-1,17,c2
ATAGCGTGGTATCG-1,13,c5
ATAGCTCTGAGGTG-1,14,c4
ATAGGCTGTCAGAC-1,5,c5
ATAGTCCTTGCATG-1,13,c1
ATAGTCCTTGTCGA-1,14,c5
ATAGTTGAGACGTT-1,10,c2
ATAGTTGATAAGCC-1,18,c4
ATATAGTGGAATGA-1,17,c4
ATATGCCTGGACAG-1,17,c1
ATATGCCTTGGTAC-1,4,c5
ATCAAATGAGCCTA-1,14,c2
ATCAACCTAAACGA-1,13,c5
ATCAACCTGAGGAC-1,3,c4
ATCACACTTTGTCT-1,5,c1
ATCACGGATTTCGT-1,8,c1
ATCATGCTAGAGTA-1,5,c3
ATCATGCTGAACCT-1,10,c4
ATCCATACTCCTTA-1,3,c4
ATCCCGTGCATGCA-1,14,c3
ATCCCGTGGCTGAT-1,14,c5
ATCCGCACGCATCA-1,3,c5
ATCGACGAATGACC-1,17,c1
ATCGCAGAATCTCT-1,4,c4
ATCGCCACTGAGGG-1,18,c1
ATCGCGCTGGGATG-1,9,c3
ATCGGTGATTGCAG-1,18,c1
ATCGTTTGTGCCAA-1,10,c2
ATCTACACCCGCTT-1,17,c1
ATCTCAACCTTGTT-1,18,c2
ATCTGGGAAACCAC-1,10,c1
ATCTGTTGAACGGG-1,17,c3
ATCTGTTGACCTCC-1,18,c4
ATCTGTTGGTTGCA-1,18,c1
ATCTTGACCTCCCA-1,10,c4
ATGAAACTCTGTGA-1,4,c5
ATGAAGGAACAGCT-1,13,c2
ATGAAGGACCTTAT-1,3,c4
ATGAAGGACTTGCC-1,8,c5
ATGACGTGATCGGT-1,9,c5
ATGAGAGAAAGTGA-1,14,c4
ATGAGCACACAGCT-1,9,c1
ATGAGCACATCTTC-1,17,c1
ATGATAACTTCACT-1,14,c4
ATGATATGAAACAG-1,9,c2
ATGATATGACTGGT-1,4,c4
ATGCACGAATGTCG-1,10,c4
ATGCACGACTGTAG-1,5,c4
ATGCACGAGAACCT-1,14,c5
ATGCACGAGTTCGA-1,6,c4
ATGCAGTGTTACCT-1,9,c5
ATGCCAGAACGACT-1,5,c2
ATGCCAGACAGTCA-1,8,c5
ATGCCGCTTGAACC-1,8,c1
ATGCGATGCTATGG-1,6,c3
ATGCTTTGCGAATC-1,17,c5
ATGCTTTGTAGTCG-1,10,c1
ATGGACACATCGGT-1,17,c5
ATGGACACGCATCA-1,9,c4
ATGGGTACAACCTG-1,13,c4
ATGGGTACATCGGT-1,9,c4
ATGGGTACTATTCC-1,14,c3
ATGTAAACCCGCTT-1,14,c2
ATGTAAACGGGATG-1,8,c2
ATGTAAACTCTCCG-1,18,c2
ATGTAAACTTCACT-1,13,c1
ATGTACCTTAGTCG-1,6,c3
ATGTCACTCTGCTC-1,9,c5
ATGTTCACAGTCTG-1,10,c1
ATTAACGATGCAAC-1,18,c4
ATTAAGACTGCAGT-1,9,c1
ATTAGATGTTTCAC-1,9,c5
ATTATGGAATCTCT-1,9,c5
ATTCAAGAACGGGA-1,10,c4
ATTCGACTGAATAG-1,17,c1
ATTCGGGAAAGGCG-1,18,c1
ATTCGGGATTAGGC-1,18,c4
ATTCTTCTGATACC-1,18,c1
ATTGAATGGACGGA-1,5,c1
ATTGATGACTGAGT-1,9,c1
ATTGATGAGCGAAG-1,5,c1
ATTGATGATCTATC-1,5,c1
ATTGCACTGGAGCA-1,14,c3
ATTGCACTTAGCCA-1,10,c5
ATTGCACTTGCTTT-1,17,c2
ATTGCTTGTTACTC-1,14,c1
ATTGGTCTGACTAC-1,18,c1
ATTGTAGATTGCAG-1,3,c2
ATTTAGGAACCATG-1,8,c4
ATTTCCGAGATGAA-1,8,c3
ATTTCCGAGTGCTA-1,8,c4
ATTTCTCTACTTTC-1,9,c1
ATTTCTCTAGCAAA-1,18,c4
ATTTCTCTCACTTT-1,13,c2
ATTTCTCTTCCCAC-1,6,c1
ATTTGCACAAGATG-1,17,c4
CAAAGCACAGCTCA-1,13,c1
CAAAGCACCGTAAC-1,4,c1
CAAAGCACGGTAAA-1,14,c1
CAAAGCTGAAAGTG-1,9,c2
CAAATTGATGGAGG-1,5,c2
CAACCGCTTTGAGC-1,18,c4
CAACGTGATCAAGC-1,8,c4
CAAGAAGACGTCTC-1,4,c5
CAAGAAGATTCTAC-1,13,c5
CAAGCTGACCATAG-1,8,c2
CAAGGACTGTTCAG-1,8,c5
CAAGGACTTCTTTG-1,14,c5
CAAGGTTGCTCCAC-1,10,c3
CAAGGTTGTCATTC-1,10,c4
CAAGGTTGTCTGGA-1,18,c4
CAAGTCGAAACAGA-1,14,c4
CAAGTCGATAGCGT-1,18,c3
CAATAAACGCCATA-1,6,c3
CAATAATGAACTGC-1,6,c4
CAATATGACCTTCG-1,5,c5
CAATATGAGGAGCA-1,9,c3
CAATCGGAGAAACA-1,3,c4
CAATTCACGATAGA-1,13,c5
CACAACGATACGAC-1,6,c4
CACAATCTTGTTCT-1,17,c5
CACACCTGCTTGAG-1,4,c4
CACAGAACCCTTGC-1,9,c4
CACAGAACCTGATG-1,18,c3
CACAGATGGTTTCT-1,4,c3
CACAGCCTTGCCAA-1,17,c5
CACAGCCTTGTAGC-1,4,c5
CACATGGAACACGT-1,10,c2
CACCACTGCCAACA-1,10,c5
CACCGGGACTTCTA-1,8,c4
CACCGTACTAAGGA-1,14,c5
CACCGTACTAGCGT-1,13,c4
CACCTGACACCCAA-1,6,c5
CACGAAACTTCCGC-1,4,c1
CACGCTACAGAAGT-1,5,c5
CACGCTACTTGACG-1,4,c4
CACGGGACATAAGG-1,4,c3
CACGGGTGCTTCGC-1,3,c4
CACGGGTGGAGGAC-1,17,c5
CACTAACTGAAAGT-1,17,c2
CACTATACGTTTGG-1,4,c5
CACTGCACTTCATC-1,13,c1
CACTGCTGAGACTC-1,8,c4
CACTTAACCGAATC-1,3,c1
CACTTAACCGTACA-1,6,c2
CAGAAGCTCTCAAG-1,18,c4
CAGACATGAACGGG-1,4,c1
CAGACATGTCGACA-1,5,c4
CAGACCCTAGGAGC-1,18,c1
CAGACTGAGTATGC-1,6,c4
CAGATCGATATGGC-1,14,c5
CAGATGACATTCTC-1,18,c5
CAGCAATGCCTTCG-1,6,c5
CAGCAATGGTGCTA-1,4,c5
CAGCACCTAAGCCT-1,5,c5
CAGCACCTAGGCGA-1,9,c2
CAGCACCTGTAGGG-1,5,c5
CAGCATGACAACCA-1,6,c4
CAGCCTTGCTACCC-1,14,c5
CAGCGTCTAAAGCA-1,18,c4
CAGCGTCTTATCGG-1,6,c5
CAGCTCTGAGGCGA-1,8,c4
CAGCTCTGCAAGCT-1,8,c5
CAGCTCTGTGTGGT-1,9,c4
CAGGCCGAACACGT-1,14,c4
CAGGCCGAACGACT-1,8,c2
CAGGCCGAATCTCT-1,5,c5
CAGGCCGACTAGCA-1,4,c1
CAGGGCACCATACG-1,14,c1
CAGGGCACCCAACA-1,18,c4
CAGGGCACTCCCGT-1,9,c4
CAGTGATGGACGGA-1,14,c2
CAGTGATGTACGCA-1,8,c4
CAGTGTGATGTCAG-1,3,c4
CAGTTGGACATACG-1,9,c4
CAGTTTACACACGT-1,8,c5
CAGTTTACCCCAAA-1,10,c2
CATAAAACGGAGCA-1,13,c4
CATAACCTTCTCCG-1,8,c4
CATACTACGTACCA-1,6,c4
CATACTTGGGTTAC-1,13,c4
CATAGTCTAATCGC-1,17,c5
CATAGTCTCACTTT-1,5,c2
CATATAGACTAAGC-1,14,c1
CATATAGATCAGGT-1,13,c5
CATCAACTAGAAGT-1,14,c3
CATCAACTCCCTCA-1,6,c4
CATCAGGATAGCCA-1,9,c2
CATCATACCGCATA-1,3,c1
CATCATACTCAAGC-1,6,c1
CATCGCTGTGGCAT-1,8,c5
CATCGGCTATGCTG-1,10,c1
CATCGGCTTTGGCA-1,3,c1
CATCTCCTATGTGC-1,9,c1
CATCTCCTCGAACT-1,6,c4
CATGAGACTCGCCT-1,5,c1
CATGCCACTGCCAA-1,4,c1
CATGCGCTCAGATC-1,3,c2
CATGTACTATCGTG-1,8,c1
CATGTTACAGTCGT-1,18,c1
CATGTTTGGGGATG-1,14,c5
CATTACACACGGAG-1,3,c5
CATTACACCAACTG-1,3,c4
CATTACACTACTCT-1,5,c5
CATTAGCTCCACAA-1,9,c1
CATTGACTAGCGGA-1,17,c1
CATTGGGACTCGAA-1,17,c5
CATTGTACTCGATG-1,18,c5
CATTGTACTTATCC-1,13,c5
CATTGTACTTTGCT-1,4,c1
CATTTCGAGATACC-1,13,c2
CATTTGACCACACA-1,17,c4
CATTTGACCCTGAA-1,5,c4
CATTTGTGCATTGG-1,4,c2
CATTTGTGCGGAGA-1,6,c2
CATTTGTGGGATCT-1,9,c2
CCAAGATGTCATTC-1,3,c4
CCAAGATGTTTCAC-1,14,c4
CCACCATGAACGTC-1,13,c3
CCACCATGATCGGT-1,8,c2
CCACCATGTCCTGC-1,9,c3
CCACTGACCCGCTT-1,5,c4
CCACTGTGGGAAGC-1,9,c5
CCACTTCTCGGGAA-1,17,c1
CCAGAAACGAACTC-1,4,c5
CCAGCACTGCGATT-1,6,c4
CCAGCGGAAAGGCG-1,5,c4
CCAGCGGATGGGAG-1,8,c5
CCAGCTACACAGTC-1,6,c2
CCAGCTACCAGCTA-1,3,c2
CCAGGTCTAGCATC-1,17,c1
CCAGGTCTATGGTC-1,18,c5
CCAGTCACACTGGT-1,3,c1
CCAGTGCTCGTAGT-1,10,c2
CCATCCGAACGACT-1,10,c4
CCATCCGAAGGTTC-1,13,c4
CCATCCGATTCGCC-1,17,c4
CCATCGTGAACGGG-1,13,c4
CCCAACACCTCGCT-1,6,c3
CCCAACACTTTGTC-1,5,c1
CCCAACTGCAATCG-1,13,c5
CCCAGACTTTCGCC-1,3,c3
CCCGGAGAAGGGTG-1,3,c4
CCCTACGAATTGGC-1,5,c4
CCCTCAGACACTTT-1,10,c1
CCCTGATGCAAGCT-1,18,c4
CCCTTACTAACCAC-1,18,c2
CCCTTACTGCAGTT-1,4,c4
CCGAAAACCTTGTT-1,13,c4
CCGACACTGGTTTG-1,6,c5
CCGACTACCCAGTA-1,10,c5
CCGACTACCGTGTA-1,10,c1
CCGATAGAGTTGGT-1,5,c3
CCGCGAGACACACA-1,5,c4
CCGCGAGAGGTTCA-1,5,c4
CCGCTATGGGACGA-1,6,c1
CCGCTATGTGCAAC-1,5,c5
CCGGTACTGTCCTC-1,5,c1
CCGTACACAAGCAA-1,4,c2
CCGTACACGTCATG-1,5,c4
CCGTACACTAACGC-1,13,c4
CCTACCGACTCTTA-1,6,c2
CCTATAACTCAGAC-1,9,c4
CCTCGAACACTTTC-1,5,c5
CCTCGAACGTATCG-1,13,c1
CCTCTACTCTTCGC-1,6,c5
CCTCTACTGGCATT-1,14,c4
CCTGACTGAAGTAG-1,10,c1
CCTGACTGTGTCTT-1,9,c1
CCTTAATGCCCAAA-1,17,c5
CCTTAATGTTCTAC-1,18,c2
CCTTCACTACGACT-1,3,c4
CCTTCACTCAGTCA-1,14,c4
CCTTTAGATTCATC-1,3,c4
CGAACATGCCCTAC-1,5,c5
CGAACATGTCAGAC-1,5,c2
CGAAGACTGTTACG-1,4,c2
CGAAGGGATCCGAA-1,18,c1
CGAATCGAGGAGCA-1,18,c4
CGACCACTGCCAAT-1,17,c1
CGACGTCTATCGTG-1,13,c1
CGACGTCTGAGGCA-1,5,c4
CGACTCACGTCGTA-1,4,c2
CGACTCACGTTGCA-1,9,c1
CGACTCTGTGTGAC-1,10,c1
CGACTGCTTCCTCG-1,3,c5
CGAGAACTAAGGCG-1,18,c1
CGAGAACTACGTTG-1,9,c4
CGAGATTGGACACT-1,14,c4
CGAGATTGGCCATA-1,14,c1
CGAGCGTGGATACC-1,4,c5
CGAGCGTGTATGCG-1,13,c3
CGAGGAGACCTCCA-1,10,c4
CGAGGCACTCTTCA-1,9,c1
CGAGGGCTACGACT-1,13,c4
CGAGGGCTCGAATC-1,3,c2
CGAGTATGTCACCC-1,4,c3
CGATACGAACAGTC-1,14,c1
CGATACGATTCACT-1,10,c4
CGATAGACGTAGGG-1,6,c1
CGATAGACTGTTCT-1,10,c5
CGATCAGAAGAACA-1,8,c4
CGATCAGAGGTACT-1,13,c2
CGATCCACTTCCAT-1,18,c4
CGCAACCTCCTTGC-1,8,c4
CGCACGGAGGACGA-1,18,c1
CGCACGGATCTTTG-1,8,c1
CGCACTACAGCCAT-1,13,c1
CGCACTACATTGGC-1,14,c4
CGCACTACTCGCCT-1,17,c2
CGCAGGACAGATCC-1,5,c5
CGCAGGACCTACTT-1,13,c4
CGCAGGACTTGTCT-1,9,c2
CGCAGGTGCCATAG-1,10,c2
CGCATAGATCACGA-1,4,c1
CGCCATACTGCAAC-1,5,c5
CGCCATTGAGAGGC-1,14,c4
CGCCATTGGAGACG-1,5,c1
CGCCATTGGAGCAG-1,10,c5
CGCCATTGTACTGG-1,5,c3
CGCGAGACACAGCT-1,6,c1
CGCGATCTGTTGAC-1,4,c1
CGCTAAGAATGTCG-1,3,c4
CGCTAAGACAACTG-1,10,c5
CGCTACTGAACAGA-1,18,c1
CGCTACTGAGAACA-1,13,c4
CGCTACTGTGAGCT-1,5,c4
CGCTACTGTTCCCG-1,6,c5
CGCTCATGCATTTC-1,18,c4
CGGAATTGCACTAG-1,5,c5
CGGAATTGGTTTGG-1,14,c2
CGGAATTGTGGAGG-1,9,c1
CGGACCGATGCGTA-1,13,c3
CGGACTCTAAACAG-1,14,c1
CGGACTCTCCAATG-1,17,c4
CGGACTCTCCTCGT-1,14,c1
CGGAGGCTTGGATC-1,10,c4
CGGATAACAACGAA-1,4,c5
CGGATAACAGCTCA-1,9,c2
CGGCACGAAGGGTG-1,3,c5
CGGCACGACTACGA-1,5,c2
CGGCATCTTAGAAG-1,4,c4
CGGCCAGAGAGGCA-1,8,c4
CGGCGAACGACAAA-1,8,c2
CGGCGAACGGTCTA-1,3,c5
CGGCGAACTACTTC-1,8,c1
CGGGACTGCGTGTA-1,3,c4
CGGGCATGTCTCTA-1,5,c5
CGGGCATGTTGTGG-1,6,c4
CGGTAAACTCGCAA-1,14,c5
CGGTCACTTACTTC-1,4,c5
CGTAACGATCGCCT-1,6,c1
CGTACCACACGTTG-1,14,c2
CGTACCACGCTACA-1,6,c1
CGTCAAGAAAGGTA-1,10,c1
CGTCAAGAACGTGT-1,3,c4
CGTCAAGACAGAGG-1,14,c1
CGTCAAGACAGGAG-1,17,c5
CGTGATGAGGTTCA-1,4,c3
CGTGTAGACGATAC-1,13,c4
CGTGTAGAGTTACG-1,10,c5
CGTGTAGAGTTCAG-1,18,c5
CGTGTAGATTCGGA-1,6,c4
CGTTAGGAAACCAC-1,6,c4
CGTTATACCCTGAA-1,10,c4
CGTTTAACTGGTCA-1,14,c4
CTAAACCTGTGCAT-1,9,c2
CTAACACTAGTGCT-1,5,c3
CTAACGGAACCGAT-1,6,c3
CTAACTACGGCAAG-1,3,c4
CTAAGGACACCATG-1,3,c4
CTAAGGACCGTTAG-1,8,c5
CTAAGGTGCCTAAG-1,6,c4
CTAAGGTGTTTCTG-1,13,c5
CTAATGCTTGTGGT-1,18,c5
CTACAACTCCCGTT-1,4,c2
CTACCTCTCAACCA-1,18,c4
CTACGCACACCTAG-1,13,c5
CTACGGCTTTCTTG-1,4,c5
CTACTATGAACCAC-1,4,c2
CTACTATGATGTGC-1,10,c5
CTACTATGCTAAGC-1,3,c2
CTACTCCTGCCATA-1,17,c4
CTAGAGACACTTTC-1,18,c1
CTAGAGACTTTGGG-1,9,c3
CTAGGATGAGCCTA-1,9,c4
CTAGTTACCGCATA-1,9,c1
CTAGTTTGAGTACC-1,13,c4
CTATAAGATCGTTT-1,6,c3
CTATACTGCCAGTA-1,14,c2
CTATAGCTGTCACA-1,17,c3
CTATAGCTTCGCTC-1,9,c4
CTATAGCTTGCCTC-1,18,c1
CTATCAACGCAGAG-1,4,c2
CTATGTACGCTTAG-1,9,c4
CTATGTACTGTTTC-1,6,c1
CTATGTTGTCCTCG-1,13,c4
CTATGTTGTCTCGC-1,6,c3
CTATTGACACTGGT-1,4,c5
CTATTGTGGCAAGG-1,8,c4
CTCAGCACTGAACC-1,10,c4
CTCAGCTGCAGTTG-1,8,c4
CTCAGGCTCGTTGA-1,10,c4
CTCATTGATTGCTT-1,17,c3
CTCGAAGATTAGGC-1,14,c2
CTCGACTGGTTGAC-1,9,c4
CTCGAGCTCTGGAT-1,13,c1
CTCGCATGACTTTC-1,9,c1
CTCGCATGCTTAGG-1,9,c4
CTGAACGACAGTCA-1,5,c4
CTGAAGTGAAGCCT-1,17,c4
CTGAAGTGCAGCTA-1,10,c2
CTGAAGTGGCTATG-1,17,c4
CTGACAGAATCGTG-1,10,c4
CTGACCACAGCAAA-1,5,c5
CTGAGAACGTAAAG-1,13,c5
CTGATACTAGTAGA-1,9,c1
CTGATTTGGTGTTG-1,13,c1
CTGCAGCTAACCGT-1,10,c1
CTGCAGCTGGATTC-1,8,c5
CTGCCAACAGGAGC-1,4,c4
CTGCCAACCAGCTA-1,17,c5
CTGCCAACTGCTCC-1,4,c4
CTGCCAACTTGCTT-1,13,c1
CTGCGACTCCACCT-1,6,c2
CTGGATGACTGGAT-1,6,c4
CTGGCACTGGACAG-1,4,c2
CTGTAACTAACCAC-1,18,c3
CTGTAACTAGCGTT-1,17,c3
CTGTATACGTAAAG-1,5,c5
CTGTGAGACCTTGC-1,18,c4
CTGTGAGACGAACT-1,17,c3
CTTAAAGAACCTGA-1,17,c2
CTTAACACGAGCTT-1,9,c2
CTTAAGCTAGTACC-1,10,c1
CTTAAGCTCATCAG-1,18,c2
CTTAAGCTCCGCTT-1,4,c1
CTTACAACTAACGC-1,3,c3
CTTACTGACGTACA-1,6,c1
CTTAGACTAAACGA-1,5,c4
CTTAGGGACTTGCC-1,6,c5
CTTAGGGAGAATCC-1,6,c3
CTTATCGACTCATT-1,4,c2
CTTCACCTACCTGA-1,8,c2
CTTCATGAAGCATC-1,18,c2
CTTCATGAAGTACC-1,17,c3
CTTGATTGATCTTC-1,9,c5
CTTGATTGTTTCGT-1,17,c4
CTTGTATGACACCA-1,17,c1
CTTTAGACCGTGAT-1,9,c1
CTTTAGACGATACC-1,5,c4
CTTTAGACGTTGGT-1,4,c4
CTTTAGACTCATTC-1,8,c4
CTTTAGTGACGGGA-1,6,c4
CTTTGATGAGCACT-1,6,c1
CTTTGATGTGTCCC-1,3,c5
CTTTGATGTGTGGT-1,18,c5
GAAACCTGCTTATC-1,4,c4
GAAACCTGTGCTAG-1,17,c5
GAAAGATGCTTCGC-1,8,c1
GAAAGATGTAAGGA-1,4,c2
GAAAGATGTTTGCT-1,9,c5
GAAAGCCTACGTTG-1,5,c1
GAAAGTGAAAGTGA-1,9,c5
GAAAGTGACCACAA-1,9,c1
GAAAGTGACTCAAG-1,9,c4
GAAATACTACCAAC-1,9,c5
GAAATACTCTTAGG-1,4,c4
GAAATACTTCCTCG-1,13,c1
GAACACACGTGCAT-1,10,c4
GAACACACTGCCTC-1,9,c2
GAACAGCTCTCAGA-1,14,c5
GAACCAACCACAAC-1,13,c2
GAACCAACTTCCGC-1,4,c5
GAACGGGATACTTC-1,9,c4
GAACGTTGACGGAG-1,17,c5
GAACTGTGCCAGTA-1,6,c1
GAAGCGGACCTATT-1,13,c2
GAAGCTACGAATGA-1,5,c2
GAAGCTACGGTTTG-1,13,c1
GAAGGGTGAAAGTG-1,9,c1
GAAGGGTGCTTAGG-1,13,c3
GAAGGTCTGTTGCA-1,8,c4
GAAGGTCTTAAAGG-1,18,c4
GAAGTAGATCCAAG-1,3,c5
GAAGTCACCCTGTC-1,17,c1
GAAGTCTGTCGCAA-1,3,c1
GAAGTCTGTTCTGT-1,9,c5
GAAGTGCTTAACCG-1,13,c2
GAATGGCTAAGATG-1,13,c4
GAATTAACGATAAG-1,3,c4
GAATTAACGGTCAT-1,13,c1
GACAACACAGGCGA-1,6,c2
GACAGGGAAGAGTA-1,4,c1
GACAGGGAATGCCA-1,13,c3
GACAGTACTTCGGA-1,4,c4
GACAGTTGAGTAGA-1,4,c1
GACCAAACGACTAC-1,3,c4
GACCAAACGTATCG-1,6,c5
GACCCTACTAAAGG-1,13,c5
GACCTAGACCTCAC-1,8,c3
GACCTAGACGAGAG-1,8,c4
GACCTCTGCATCAG-1,8,c2
GACGATTGCCAATG-1,6,c1
GACGCTCTCTCTCG-1,8,c4
GACGGCACACGGGA-1,4,c4
GACGTAACCTATGG-1,10,c2
GACGTAACTATGGC-1,3,c1
GACGTATGTTGACG-1,13,c4
GACGTATGTTTGCT-1,17,c5
GACTCCTGTTATCC-1,3,c4
GACTGAACAACCGT-1,18,c3
GACTGAACCAATCG-1,9,c4
GACTGATGTGATGC-1,8,c1
GAGAAATGTTCTCA-1,3,c3
GAGATAGAAAAAGC-1,3,c3
GAGCATACTTTGCT-1,18,c3
GAGCGCACGCGTAT-1,3,c5
GAGCGCTGTCTTAC-1,4,c4
GAGGACGACTCAGA-1,13,c2
GAGGGCCTTCACCC-1,5,c4
GAGGTACTACTCAG-1,9,c2
GAGGTACTGGGAGT-1,17,c4
GAGGTGGATCCTCG-1,10,c1
GAGGTTTGTAAGCC-1,3,c5
GAGTCAACCATTCT-1,5,c4
GAGTGACTCAGCTA-1,5,c5
GAGTGACTCTTGCC-1,5,c3
GAGTGACTGACTAC-1,13,c5
GAGTGACTGTCTAG-1,6,c4
GAGTGGGATGCCCT-1,8,c4
GAGTGGGATGCTGA-1,6,c4
GAGTGTTGCTGTAG-1,18,c5
GAGTGTTGTGGTCA-1,8,c4
GAGTTGTGCATGGT-1,6,c5
GAGTTGTGGTAGCT-1,6,c3
GATAAGGAGAAACA-1,13,c4
GATACTCTATCGGT-1,14,c1
GATAGAGACTGTGA-1,4,c1
GATAGAGATCACGA-1,17,c5
GATAGCACCCATAG-1,3,c4
GATAGCACGAAGGC-1,17,c1
GATATAACAAGGTA-1,8,c5
GATATAACACGCAT-1,5,c2
GATATATGTGGAGG-1,8,c4
GATATCCTAGAAGT-1,5,c4
GATATCCTCCCGTT-1,14,c4
GATATTGAGCCAAT-1,3,c1
GATCCCTGACCTTT-1,14,c5
GATCCGCTGGTCAT-1,4,c2
GATCGATGGTAAAG-1,14,c4
GATCGTGACACTAG-1,4,c4
GATCGTGATTCACT-1,3,c5
GATCTACTTTGCAG-1,8,c3
GATCTTACGAATAG-1,10,c5
GATCTTACGAGATA-1,18,c2
GATGCCCTACGTAC-1,10,c2
GATGCCCTGGCAAG-1,17,c5
GATTCGGAACGACT-1,6,c4
GATTCTTGATTCGG-1,6,c4
GATTCTTGCCGATA-1,3,c5
GATTCTTGCGAGTT-1,10,c1
GATTGGACGGTGTT-1,9,c4
GATTGGTGTGTCAG-1,8,c1
GATTTAGACTAAGC-1,5,c5
GATTTGCTAACGAA-1,10,c4
GATTTGCTAACGGG-1,9,c4
GCAACTGATTGCGA-1,13,c1
GCAAGACTACTGGT-1,3,c3
GCAAGACTAGGTCT-1,14,c5
GCAAGACTCCCTTG-1,18,c4
GCAATCGACTGCAA-1,6,c1
GCAATCGAGACGTT-1,5,c4
GCAATTCTCGTGTA-1,17,c4
GCAATTCTTCTCCG-1,18,c2
GCACAAACAATGCC-1,5,c4
GCACACCTGTGCTA-1,10,c5
GCACCACTCATGAC-1,6,c2
GCACCACTTCCTTA-1,6,c3
GCACCTTGGCTGTA-1,13,c5
GCACCTTGGGGAGT-1,3,c4
GCACGGACCAGCTA-1,10,c5
GCACGGTGACCTCC-1,6,c5
GCACGGTGCTATGG-1,10,c3
GCACTAGAAGATGA-1,13,c1
GCACTAGACCTTTA-1,13,c5
GCACTAGACGTAAC-1,17,c2
GCACTAGAGTCGTA-1,10,c2
GCACTAGATGCAAC-1,3,c4
GCAGATACAGCGTT-1,18,c5
GCAGATACGACGGA-1,4,c2
GCAGCCGACAGTCA-1,8,c4
GCAGCGTGCACTCC-1,3,c1
GCAGCTCTCAATCG-1,14,c5
GCAGCTCTGTTTCT-1,9,c4
GCAGGGCTAAGAAC-1,5,c2
GCAGTCCTAACTGC-1,8,c4
GCAGTCCTCTCTTA-1,13,c2
GCCAAAACGAGGCA-1,10,c2
GCCAAATGATCGAC-1,3,c4
GCCAACCTACGGTT-1,4,c4
GCCAACCTCGCCTT-1,10,c4
GCCACGGAGGCGAA-1,3,c5
GCCCAACTACCGAT-1,4,c3
GCCCAACTATGGTC-1,6,c4
GCCGACGAACTCTT-1,4,c4
GCCGAGTGCGTTGA-1,13,c5
GCCGGAACGAACTC-1,8,c5
GCCGTACTACCTGA-1,5,c2
GCCTACACAGTTCG-1,3,c2
GCCTACACCTTGAG-1,4,c4
GCCTAGCTCTATTC-1,18,c5
GCCTAGCTTCTCAT-1,5,c1
GCCTCAACCATGGT-1,3,c5
GCCTCAACTCTTTG-1,6,c1
GCCTCATGTCTTAC-1,17,c4
GCCTGACTCTCAAG-1,17,c2
GCGAAGGAGAGCTT-1,18,c3
GCGAGAGAGGGACA-1,18,c4
GCGAGCACTTGACG-1,9,c4
GCGAGCACTTGCTT-1,14,c3
GCGATATGGTGTTG-1,8,c4
GCGCACGACTTTAC-1,18,c5
GCGCATCTAGGTCT-1,4,c5
GCGCATCTGGTTAC-1,4,c5
GCGCATCTTTCTAC-1,8,c4
GCGCGAACGTTCTT-1,14,c4
GCGCGATGAACGGG-1,3,c2
GCGCGATGGTGCAT-1,18,c3
GCGGAGCTCCTGAA-1,13,c4
GCGGCAACCCGATA-1,6,c5
GCGGCAACTGTCGA-1,18,c3
GCGTATGAACACCA-1,4,c5
GCGTATGATGAGAA-1,10,c5
GCTACAGAAAGGTA-1,3,c2
GCTACAGAATCTTC-1,9,c1
GCTACCTGAGAAGT-1,3,c3
GCTACGCTAGAATG-1,13,c4
GCTACGCTCCCTAC-1,10,c3
GCTATACTAGCGTT-1,14,c4
GCTATACTGGACGA-1,13,c1
GCTCAAGAACCATG-1,10,c3
GCTCAAGAAGTCAC-1,9,c5
GCTCCATGAGAAGT-1,8,c5
GCTCCATGCCGAAT-1,9,c5
GCTCGACTCTAGTG-1,17,c2
GCTGATGAGGTATC-1,14,c3
GCTTAACTACAGTC-1,5,c1
GCTTAACTTCAGTG-1,10,c5
GGAACACTCACTTT-1,9,c1
GGAACACTTCAGAC-1,6,c5
GGAACTACTACTTC-1,13,c3
GGAACTTGCTCCAC-1,6,c1
GGAACTTGGGTAGG-1,18,c5
GGAAGGACATCGGT-1,3,c4
GGAAGGACCACTAG-1,8,c5
GGAATCTGAGGAGC-1,4,c2
GGAATGCTTTCTAC-1,10,c4
GGACAGGAGTGCTA-1,5,c4
GGACCGTGGGAACG-1,9,c4
GGACCTCTGTAAGA-1,10,c4
GGACCTCTTTTCTG-1,3,c4
GGACGCTGCTAGCA-1,17,c4
GGACGCTGTCCTCG-1,17,c3
GGAGAGACGTGAGG-1,6,c2
GGAGCGCTACGCAT-1,4,c2
GGAGGATGTCAGTG-1,6,c4
GGAGGCCTTTCTTG-1,9,c2
GGAGGTGATCGCTC-1,5,c3
GGATAGCTCTGAAC-1,18,c5
GGATGTACCAAAGA-1,9,c5
GGATGTACGTCTTT-1,4,c5
GGATGTACGTGTCA-1,3,c5
GGATTTCTTTGTCT-1,6,c2
GGCAAGGACTTGGA-1,9,c5
GGCAAGGAGGACTT-1,18,c5
GGCAATACGCTAAC-1,18,c4
GGCACGTGGCTTAG-1,10,c3
GGCATATGGGGAGT-1,17,c4
GGCCAGACTGGTTG-1,14,c1
GGCCGAACGCAGAG-1,10,c4
GGCCGAACGTAGGG-1,14,c5
GGCCGAACTCTAGG-1,5,c5
GGCCGATGCCGAAT-1,18,c1
GGCCGATGTACTCT-1,13,c2
GGCGACACTGCCCT-1,17,c2
GGCGCATGCCTAAG-1,18,c1
GGCGCATGCTCCAC-1,17,c4
GGCGCATGTGGAAA-1,17,c1
GGCGGACTCTGACA-1,10,c5
GGCGGACTTACTGG-1,8,c5
GGCGGACTTGAACC-1,17,c5
GGCTAAACTCTTAC-1,8,c1
GGCTCACTACTCAG-1,17,c4
GGGAACGAAGCTCA-1,4,c4
GGGAACGAGTGTCA-1,4,c5
GGGAAGTGTTGAGC-1,9,c1
GGGACCACACGTTG-1,8,c2
GGGACCACAGAACA-1,5,c4
GGGACCACGTCATG-1,14,c4
GGGACCACTCAAGC-1,14,c2
GGGACCACTCGTGA-1,4,c3
GGGACCTGACCCTC-1,14,c4
GGGACCTGTGGAGG-1,14,c3
GGGATTACGTCTAG-1,9,c4
GGGCACACGGTGAG-1,5,c5
GGGCACACGTTGCA-1,13,c4
GGGCAGCTTGGGAG-1,14,c2
GGGCCAACCTTGGA-1,9,c1
GGGCCAACGCGTTA-1,6,c3
GGGCCATGATGGTC-1,17,c5
GGGCCATGTTGACG-1,13,c4
GGGTAACTCAGCTA-1,9,c4
GGGTAACTCTAGTG-1,17,c1
GGGTAACTCTGGAT-1,3,c4
GGTAAAGAGCTAAC-1,4,c4
GGTACATGAGCTCA-1,6,c1
GGTACATGTGGGAG-1,6,c4
GGTAGTACACCACA-1,14,c4
GGTAGTACCCTGTC-1,4,c2
GGTAGTACGCCATA-1,18,c4
GGTCTAGATAGCGT-1,10,c1
GGTGATACGACTAC-1,18,c2
GGTGATACTGTTTC-1,18,c3
GGTGGAGATCGATG-1,9,c4
GGTGGAGATCTCTA-1,9,c1
GGTGGAGATTACTC-1,17,c1
GGTTTACTACGCAT-1,10,c3
GTAACGTGACCTCC-1,8,c4
GTAACGTGATCGGT-1,14,c4
GTAACGTGGTTGAC-1,4,c1
GTAAGCACAACGGG-1,5,c5
GTAATAACCTTCTA-1,3,c2
GTACCCTGACAGTC-1,4,c5
GTACCCTGGAGCTT-1,6,c4
GTACCCTGTCCTTA-1,3,c4
GTACCCTGTGAACC-1,8,c5
GTACGTGAACGTTG-1,8,c4
GTACTTTGTCGACA-1,6,c4
GTAGACTGAGATGA-1,14,c5
GTAGACTGTATTCC-1,8,c2
GTAGCAACCATTTC-1,3,c1
GTAGCAACGGTAGG-1,6,c4
GTAGCATGCACTCC-1,4,c5
GTAGCCCTGACGTT-1,18,c1
GTAGTGACCTCATT-1,5,c5
GTAGTGTGTGGTTG-1,8,c2
GTATCTACAGAAGT-1,10,c5
GTATCTACGACGAG-1,5,c5
GTATTAGAGGTCTA-1,14,c4
GTATTCACACAGCT-1,4,c5
GTCAACGAGTGTAC-1,13,c1
GTCAACGATCAGGT-1,4,c2
GTCAATCTACACCA-1,18,c2
GTCAATCTGTAGCT-1,3,c2
GTCAATCTTGTGGT-1,6,c2
GTCATACTGCGATT-1,14,c5
GTCATACTTCGCCT-1,5,c3
GTCATACTTTACCT-1,5,c3
GTCATACTTTGACG-1,17,c2
GTCCACTGGGTACT-1,10,c2
GTCCCATGTGGTGT-1,8,c2
GTCGACCTGAATGA-1,9,c5
GTCGACCTGTTCAG-1,10,c4
GTGAACACTCAGGT-1,14,c4
GTGATGACAAGTGA-1,13,c4
GTGATTCTGGTTCA-1,14,c5
GTGATTCTTAGCGT-1,5,c4
GTGCCACTCAGGAG-1,8,c2
GTGGATTGCACTAG-1,18,c3
GTGGATTGTAACGC-1,18,c5
GTGTAGTGGGTACT-1,18,c4
GTGTATCTAGCCTA-1,4,c4
GTGTATCTAGTAGA-1,18,c2
GTGTATCTGTTACG-1,3,c5
GTGTCAGAAGCGTT-1,13,c3
GTGTCAGAATGCTG-1,6,c4
GTTAAAACCGAGAG-1,17,c1
GTTAAATGCTCGAA-1,17,c3
GTTAAATGTCGACA-1,18,c2
GTTAACCTAGCTAC-1,14,c5
GTTAGGTGCCCAAA-1,10,c2
GTTAGGTGGAACTC-1,8,c1
GTTATAGAGGACAG-1,6,c1
GTTATGCTTTCATC-1,17,c1
GTTCAACTTATGCG-1,3,c5
GTTGACGATATCGG-1,14,c5
GTTGAGTGGTCTTT-1,18,c1
GTTGATCTGGGACA-1,3,c1
GTTGATCTTTTCAC-1,18,c1
GTTGTACTATTCCT-1,10,c4
GTTGTACTTTTGGG-1,4,c5
GTTTAAGACCATGA-1,5,c5
TAAACAACCAACCA-1,4,c4
TAACACCTTCGCTC-1,18,c4
TAACACCTTGTTTC-1,14,c2
TAACATGACACTAG-1,3,c5
TAACCGGACTTACT-1,10,c5
TAACGTCTCATTGG-1,17,c5
TAACTAGAATTTCC-1,18,c4
TAACTAGATCTGGA-1,14,c1
TAACTCACGTACAC-1,3,c4
TAAGAGGACTTGTT-1,6,c2
TAAGATACCCACAA-1,14,c5
TAAGATTGCGTAGT-1,3,c1
TAAGCGTGAGGTTC-1,10,c3
TAAGCGTGTGCTCC-1,18,c4
TAAGGCTGTCTCGC-1,4,c5
TAAGGGCTTTACTC-1,8,c4
TAAGTAACCGAGAG-1,6,c3
TAAGTAACCTCCAC-1,4,c1
TAAGTAACCTGTAG-1,3,c4
TAATGATGAGCGGA-1,17,c2
TAATGCCTCGTCTC-1,6,c1
TAATGTGACTGCAA-1,4,c4
TAATGTGATTACTC-1,10,c5
TACAAATGGGTACT-1,6,c4
TACAATGACTTAGG-1,13,c1
TACAATGATGCTAG-1,17,c4
TACACACTCACACA-1,18,c3
TACACACTCTTACT-1,13,c2
TACATCACACGGGA-1,18,c1
TACATCACCTGTTT-1,5,c1
TACATCACGCTAAC-1,9,c5
TACCATTGGGGATG-1,6,c4
TACGAGTGATCTCT-1,4,c5
TACGAGTGATGCTG-1,10,c5
TACGAGTGCGGAGA-1,4,c4
TACGAGTGGTTGGT-1,6,c5
TACGATCTAGTGTC-1,18,c5
TACGATCTCACTGA-1,13,c4
TACGCAGACGTCTC-1,4,c2
TACGCCACATTCCT-1,6,c1
TACGCCACTCCCAC-1,4,c5
TACGCCACTCCGAA-1,8,c3
TACGCGCTCTTCTA-1,4,c4
TACGGAACGCGTTA-1,18,c5
TACGTACTCAGTTG-1,6,c4
TACGTACTCCCGTT-1,9,c4
TACGTTACAGAAGT-1,14,c4
TACTAAGAAAGGTA-1,5,c1
TACTAAGATGATGC-1,18,c4
TACTAAGATTGCGA-1,3,c4
TACTACACTTACCT-1,13,c4
TACTACTGATGTCG-1,17,c4
TACTACTGTATGGC-1,5,c1
TACTCAACGGTCTA-1,6,c4
TACTCCCTCAGTTG-1,3,c4
TACTCTGAATCGAC-1,8,c5
TACTGTTGAAAGCA-1,6,c4
TACTGTTGAGGCGA-1,13,c2
TACTGTTGCTGAAC-1,8,c3
TACTTGACTCCTCG-1,8,c2
TAGAAACTAATCGC-1,14,c2
TAGAAACTGGGATG-1,13,c2
TAGATTGAGGCATT-1,5,c3
TAGCATCTCCCTCA-1,18,c5
TAGCATCTGGGACA-1,8,c4
TAGCATCTTGTCGA-1,13,c4
TAGCCCACCCACAA-1,3,c2
TAGCCGCTTACGAC-1,9,c5
TAGCCGCTTACTTC-1,6,c4
TAGCCGCTTTCCAT-1,5,c5
TAGCTACTGAATAG-1,14,c4
TAGGAGCTAAGGCG-1,13,c4
TAGGAGCTTGCATG-1,14,c1
TAGGCTGATGCCTC-1,14,c1
TAGGTCGACACTGA-1,6,c3
TAGGTGACACGTTG-1,8,c2
TAGGTTCTTGCTGA-1,4,c4
TAGTAAACCTCGCT-1,4,c1
TAGTAAACGTCACA-1,13,c5
TAGTACCTAAGAAC-1,9,c4
TAGTATGATTCTCA-1,13,c3
TAGTCTTGGCTGTA-1,5,c4
TAGTCTTGTGGAAA-1,14,c4
TAGTGGTGAAGTGA-1,3,c5
TAGTTAGATGAACC-1,14,c5
TATAAGACAACAGA-1,17,c5
TATAAGACAGCTCA-1,18,c2
TATAAGTGACACCA-1,4,c4
TATAAGTGTATCGG-1,9,c1
TATACAGAACCCTC-1,9,c1
TATACCACCTGATG-1,6,c4
TATACGCTACCAAC-1,3,c2
TATCACTGACTGTG-1,6,c5
TATCCAACCAGCTA-1,5,c3
TATCGACTCGATAC-1,17,c4
TATCGTACATTCCT-1,10,c4
TATCTGACAGGTTC-1,17,c5
TATCTGACTGTTTC-1,5,c2
TATCTTCTAAACAG-1,3,c1
TATGAATGGAGGAC-1,3,c1
TATGAATGTTTGCT-1,10,c3
TATGCGGATAACCG-1,17,c3
TATGGGTGCTAGCA-1,4,c4
TATGTCACGGAACG-1,3,c1
TATGTCACTAACCG-1,13,c1
TATTGCTGTCTGGA-1,4,c4
TATTTCCTGGAGGT-1,14,c1
TATTTCCTGGTGTT-1,10,c2
TCAAGGACAGCGTT-1,13,c5
TCAAGGACATTCTC-1,17,c3
TCACAACTTTGCTT-1,3,c4
TCACATACAGGGTG-1,10,c1
TCACCCGAGACGGA-1,8,c4
TCACCGTGCTCGCT-1,3,c5
TCACCTCTTCCAAG-1,5,c2
TCACTATGGTTGTG-1,13,c3
TCAGACGACGCTAA-1,3,c5
TCAGAGACTCCAGA-1,9,c5
TCAGCGCTGGTATC-1,8,c2
TCAGGATGAAGTAG-1,13,c4
TCAGGATGCCTTTA-1,3,c4
TCAGTGGAAGATCC-1,14,c4
TCAGTTACCTACGA-1,9,c2
TCATCAACTGTTCT-1,13,c3
TCATCATGCAGTTG-1,14,c1
TCATTCGATACAGC-1,17,c5
TCCACGTGGAAACA-1,14,c2
TCCACTCTACACTG-1,9,c1
TCCACTCTGAGCTT-1,10,c5
TCCATAACAAAGTG-1,10,c5
TCCCACGATCATTC-1,10,c3
TCCCGAACACAGTC-1,18,c5
TCCCGATGAGATCC-1,17,c4
TCCGAAGACGTTAG-1,13,c4
TCCTAAACCGAGAG-1,4,c1
TCCTAATGGTTTGG-1,5,c1
TCCTACCTGTCGTA-1,4,c1
TCGAATCTCTGGTA-1,8,c4
TCGACCTGCCGATA-1,14,c2
TCGACGCTTCTATC-1,6,c4
TCGACGCTTTGACG-1,3,c3
TCGAGAACGACAGG-1,14,c1
TCGAGCCTGCGAGA-1,5,c2
TCGATACTATTCCT-1,4,c2
TCGATTTGCACTCC-1,10,c5
TCGATTTGCAGCTA-1,3,c5
TCGATTTGCCTACC-1,14,c4
TCGCACACCATCAG-1,14,c3
TCGCAGCTAGATCC-1,17,c3
TCGCCATGAGACTC-1,9,c3
TCGGACCTATAAGG-1,4,c1
TCGGTAGATCCCAC-1,4,c5
TCGTAGGATCGACA-1,3,c5
TCGTGAGAACTGTG-1,6,c5
TCTAACTGAACCAC-1,18,c1
TCTAAGCTTAGTCG-1,14,c4
TCTAAGCTTCTAGG-1,8,c5
TCTAAGCTTTCGCC-1,18,c4
TCTACAACGACTAC-1,4,c4
TCTAGACTTAGAAG-1,17,c5
TCTAGTTGCACCAA-1,3,c3
TCTATGTGAGTCTG-1,9,c4
TCTCAAACCTAAGC-1,14,c2
TCTCTAGAATTTCC-1,6,c1
TCTGATACACGTGT-1,18,c1
TCTTACGAACCTGA-1,9,c2
TGAAATTGGTGAGG-1,9,c2
TGAACCGAAAACGA-1,8,c1
TGAACCGACTACTT-1,18,c4
TGAACCGATTCGGA-1,17,c5
TGAAGCTGAACGAA-1,10,c5
TGAAGCTGCATGGT-1,6,c2
TGAAGCTGCGTAAC-1,8,c1
TGAATAACCACTTT-1,5,c5
TGACACGACCTTAT-1,14,c2
TGACCAGAGGATTC-1,9,c4
TGACCGCTAAAAGC-1,4,c1
TGACGATGCAAAGA-1,4,c3
TGACGCCTGTACCA-1,5,c3
TGACGCCTTTACTC-1,9,c3
TGACTGGAAGAGAT-1,9,c3
TGACTGGACGCAAT-1,8,c5
TGACTGGAGGACAG-1,8,c5
TGACTGGATTCTCA-1,6,c1
TGACTTACAGTCTG-1,17,c5
TGACTTTGCGCATA-1,6,c4
TGACTTTGTTTGTC-1,9,c4
TGAGCTGACTGGAT-1,17,c4
TGAGCTGAGCGAGA-1,9,c4
TGAGCTGATGCTAG-1,13,c5
TGAGGACTCTCATT-1,8,c4
TGAGGACTTCATTC-1,5,c1
TGAGTGACTGAGCT-1,6,c4
TGATACCTGTTGGT-1,6,c4
TGATACCTTGAAGA-1,6,c5
TGATATGAACCTTT-1,14,c2
TGATCACTAGCATC-1,14,c1
TGATCACTCTCGCT-1,4,c4
TGATCACTTCTACT-1,9,c4
TGATCGGAGGAGCA-1,3,c1
TGATTAGACATTGG-1,14,c2
TGATTAGATGCTAG-1,4,c5
TGATTCACTATGCG-1,14,c4
TGATTCACTGTCAG-1,9,c5
TGATTCTGCCGAAT-1,4,c4
TGCAAGTGAGAACA-1,18,c3
TGCAATCTTCAGGT-1,14,c5
TGCCAAGAGCAGTT-1,6,c5
TGCCAAGATCTCTA-1,5,c4
TGCCACTGCGATAC-1,5,c2
TGCCGACTCTCCCA-1,9,c4
TGCGAAACAGTCAC-1,5,c2
TGCGATGACCTCGT-1,9,c5
TGCGATGACTAGTG-1,9,c3
TGCGATGACTGCTC-1,6,c4
TGCGATGACTTGCC-1,9,c2
TGCGATGAGTGCTA-1,5,c1
TGCGTAGATGGTCA-1,5,c2
TGCTATACGGTTCA-1,4,c2
TGCTATACTGCTGA-1,17,c3
TGCTGAGATTATCC-1,14,c5
TGGAAAGAGCGATT-1,10,c4
TGGAAAGAGGTCAT-1,18,c1
TGGAAAGATATGGC-1,9,c5
TGGAACACGCTAAC-1,3,c5
TGGAAGCTCAGATC-1,8,c3
TGGACCCTACACTG-1,13,c4
TGGACCCTGGTACT-1,17,c4
TGGACTGAGTATGC-1,9,c5
TGGAGACTATCAGC-1,4,c3
TGGAGACTGAAACA-1,13,c2
TGGAGACTTGACCA-1,5,c1
TGGAGGGAGCTATG-1,9,c5
TGGATGTGACCTAG-1,18,c1
TGGCAATGGAGGGT-1,10,c5
TGGCACCTTCAGTG-1,8,c1
TGGGTATGTTTGGG-1,17,c2
TGGTAGACATGCCA-1,9,c5
TGGTAGACCTGATG-1,13,c2
TGGTATCTCTTCCG-1,14,c5
TGGTTACTGACGTT-1,18,c2
TGTAACCTAGAGGC-1,13,c4
TGTAACCTTGCCTC-1,18,c1
TGTAATGACACAAC-1,6,c1
TGTAGGTGCGAGAG-1,18,c1
TGTAGGTGCTCTAT-1,9,c2
TGTAGTCTTCCAGA-1,9,c4
TGTAGTCTTGCACA-1,8,c5
TGTATCTGTTAGGC-1,17,c2
TGTATGCTCATGGT-1,17,c1
TGTATGCTTTCATC-1,17,c4
TGTCAGGAGATGAA-1,10,c4
TGTGACGATTCTCA-1,8,c1
TGTGAGACTGTCAG-1,5,c2
TGTGAGACTTGAGC-1,4,c3
TGTGAGTGAGTGCT-1,4,c1
TGTGATCTCTCTAT-1,9,c4
TGTGATCTGACACT-1,8,c4
TGTGGATGGCCAAT-1,9,c2
TGTTAAGATAAGGA-1,17,c1
TGTTAAGATTGGCA-1,4,c4
TGTTACACCGCATA-1,13,c5
TGTTACTGGCTACA-1,6,c1
TGTTACTGTAGTCG-1,14,c4
TTAACCACTCAGAC-1,17,c4
TTACACACGTGTTG-1,6,c1
TTACACACTCCTAT-1,14,c2
TTACCATGTGTCTT-1,13,c4
TTACCATGTTGTGG-1,3,c5
TTACGACTTGACAC-1,10,c4
TTACTCGAGGGTGA-1,6,c4
TTACTCGATCTACT-1,14,c3
TTAGCTACAACCGT-1,14,c5
TTAGCTACTGTCCC-1,17,c2
TTAGCTACTTTCGT-1,4,c5
TTAGGGTGCTGGAT-1,9,c2
TTAGGGTGTCCTGC-1,4,c5
TTAGTCACCAGTTG-1,4,c1
TTAGTCTGAAAGCA-1,18,c4
TTAGTCTGCCAACA-1,5,c2
TTAGTCTGTGCACA-1,6,c4
TTATCCGACTAGTG-1,4,c4
TTATCCGAGAAAGT-1,10,c4
TTATGCACGTCACA-1,6,c5
TTATTCCTATGCTG-1,10,c4
TTATTCCTGGACAG-1,14,c1
TTCAAAGATAAAGG-1,13,c5
TTCAAGCTAAGAAC-1,8,c4
TTCAAGCTAGATGA-1,3,c2
TTCAAGCTGTTGAC-1,4,c4
TTCAAGCTTGATGC-1,8,c5
TTCAAGCTTTCGCC-1,6,c2
TTCAGACTACCCAA-1,6,c5
TTCAGTACTCAAGC-1,10,c4
TTCAGTACTCCTAT-1,6,c4
TTCAGTTGTCTAGG-1,13,c1
TTCATTCTATGTCG-1,14,c5
TTCCAAACCTATGG-1,9,c2
TTCCAAACCTCCCA-1,17,c5
TTCCAAACTCCCAC-1,14,c2
TTCCAAACTTGACG-1,17,c5
TTCCATGACGAGAG-1,3,c2
TTCCCACTTGTCTT-1,17,c4
TTCCTAGACTAGTG-1,9,c2
TTCGAGGATAGAAG-1,8,c4
TTCGATTGAGCATC-1,14,c5
TTCGTATGAAAAGC-1,3,c2
TTCGTATGGTCTGA-1,4,c5
TTCTACGAACGTAC-1,4,c1
TTCTAGTGCATGAC-1,5,c3
TTCTAGTGGAGAGC-1,6,c4
TTCTCAGAAGAGAT-1,13,c4
TTCTCAGAAGCATC-1,8,c5
TTCTTACTCTGGAT-1,6,c4
TTGAATGAACTACG-1,6,c4
TTGAATGACTTACT-1,10,c2
TTGACACTCTGTAG-1,8,c3
TTGAGGACAGAACA-1,9,c4
TTGCATTGTGACTG-1,9,c5
TTGCTATGGTACGT-1,8,c2
TTGCTATGGTAGGG-1,5,c4
TTGGAGACCAATCG-1,6,c4
TTGGAGACTATGGC-1,6,c1
TTGGTACTCTTAGG-1,5,c3
TTGGTACTGAATCC-1,10,c4
TTGGTACTGGATTC-1,14,c2
TTGTACACGTTGTG-1,4,c4
TTTAGAGATCCTCG-1,14,c5
TTTAGCTGATACCG-1,13,c4
TTTAGGCTCCTTTA-1,13,c5
TTTATCCTGTTGTG-1,14,c4
TTTCACGAGGTTCA-1,6,c4
TTTCAGTGGAAGGC-1,14,c2
TTTCAGTGTCTATC-1,14,c5
TTTCCAGAGGTGAG-1,13,c4
TTTCGAACTCTCAT-1,6,c2
TTTGCATGCCTCAC-1,17,c2
